File accession,File dataset,File type,File format,File output type,Assay term name,Biosample term id,Biosample term name,Biosample type,File target,Dataset accession,Dataset date released,Project,Lab,md5sum,dbxrefs,File download URL,Assembly,File status,Derived from,S3 URL,Size
ENCFF898LWW,/experiments/ENCSR680USE/,tsv,tsv,gene quantifications,RNA-seq,CL:2000092,hair follicular keratinocyte,primary cell,,ENCSR590RJC,29/7/20,ENCODE,ENCODE Processing Pipeline,614c237f4433472d939e9be175f7deb9,,https://www.encodeproject.org/files/ENCFF898LWW/@@download/ENCFF898LWW.tsv,hg19,released,"/files/ENCFF708PEB/, /files/ENCFF826ONU/",https://encode-public.s3.amazonaws.com/2015/08/20/ec1c9674-ec6c-4279-b6f1-cb278fcbbd4d/ENCFF898LWW.tsv,9528756
ENCFF556AGI,/experiments/ENCSR822SUG/,tsv,tsv,gene quantifications,RNA-seq,CL:0002368,airway epithelial cell,primary cell,,ENCSR590RJC,29/7/20,ENCODE,ENCODE Processing Pipeline,c0d863913dbb8907447e4444fb2412e3,,https://www.encodeproject.org/files/ENCFF556AGI/@@download/ENCFF556AGI.tsv,hg19,released,"/files/ENCFF751NNB/, /files/ENCFF826ONU/",https://encode-public.s3.amazonaws.com/2015/08/24/07954036-bc4a-45bf-a89c-f3a0623bc8fa/ENCFF556AGI.tsv,9529490
ENCFF018XHI,/experiments/ENCSR815UVL/,tsv,tsv,gene quantifications,RNA-seq,CL:2000071,mammary microvascular endothelial cell,primary cell,,ENCSR590RJC,29/7/20,ENCODE,ENCODE Processing Pipeline,8068b061d142a02b2c80b1b85ae99346,,https://www.encodeproject.org/files/ENCFF018XHI/@@download/ENCFF018XHI.tsv,hg19,released,"/files/ENCFF251PBE/, /files/ENCFF826ONU/",https://encode-public.s3.amazonaws.com/2015/05/28/145200f5-5565-439b-a5e0-753fe4427c20/ENCFF018XHI.tsv,9504029
ENCFF340QKB,/experiments/ENCSR373BDG/,tsv,tsv,gene quantifications,RNA-seq,CL:0002518,kidney epithelial cell,primary cell,,ENCSR590RJC,29/7/20,ENCODE,ENCODE Processing Pipeline,8d1eaa0887b8d4fc121bc007e6447324,,https://www.encodeproject.org/files/ENCFF340QKB/@@download/ENCFF340QKB.tsv,hg19,released,"/files/ENCFF243CXM/, /files/ENCFF826ONU/",https://encode-public.s3.amazonaws.com/2015/05/28/df9313e5-923c-458d-ac84-4609a675d1ef/ENCFF340QKB.tsv,9505658
ENCFF489KLJ,/experiments/ENCSR110BDY/,tsv,tsv,gene quantifications,RNA-seq,CL:2000067,cardiac atrium fibroblast,primary cell,,ENCSR590RJC,29/7/20,ENCODE,ENCODE Processing Pipeline,f8db35d913eacac7345305789b489bb2,,https://www.encodeproject.org/files/ENCFF489KLJ/@@download/ENCFF489KLJ.tsv,hg19,released,"/files/ENCFF259LGP/, /files/ENCFF826ONU/",https://encode-public.s3.amazonaws.com/2015/05/28/fd42203b-6b77-40f4-a129-ee9b958b440b/ENCFF489KLJ.tsv,9520235
ENCFF798LDD,/experiments/ENCSR680USE/,tsv,tsv,gene quantifications,RNA-seq,CL:2000092,hair follicular keratinocyte,primary cell,,ENCSR590RJC,29/7/20,ENCODE,ENCODE Processing Pipeline,ed52519a6bc4042f8b9c8e9b43df1c2d,,https://www.encodeproject.org/files/ENCFF798LDD/@@download/ENCFF798LDD.tsv,hg19,released,"/files/ENCFF760LYZ/, /files/ENCFF826ONU/",https://encode-public.s3.amazonaws.com/2015/08/20/1b2f2837-75f4-49bb-be3a-b71366cf49ae/ENCFF798LDD.tsv,9537873
ENCFF788QAK,/experiments/ENCSR000CUQ/,tsv,tsv,gene quantifications,RNA-seq,CL:1000458,melanocyte of skin,primary cell,,ENCSR590RJC,29/7/20,ENCODE,ENCODE Processing Pipeline,c943f1d8cbd71654a216ebe06e439372,,https://www.encodeproject.org/files/ENCFF788QAK/@@download/ENCFF788QAK.tsv,hg19,released,"/files/ENCFF536UIE/, /files/ENCFF826ONU/",https://encode-public.s3.amazonaws.com/2015/06/24/1fae45b9-ebc4-4ee5-8e34-10b3558127f3/ENCFF788QAK.tsv,9575426
ENCFF436XMQ,/experiments/ENCSR000AAK/,tsv,tsv,gene quantifications,RNA-seq,CL:2000041,dermis microvascular lymphatic vessel endothelial cell,primary cell,,ENCSR590RJC,29/7/20,ENCODE,ENCODE Processing Pipeline,114eca80e2359c81858a773c84e5e9e2,,https://www.encodeproject.org/files/ENCFF436XMQ/@@download/ENCFF436XMQ.tsv,hg19,released,"/files/ENCFF467CAE/, /files/ENCFF826ONU/",https://encode-public.s3.amazonaws.com/2015/06/25/a0a7df09-e1a0-46ea-b7cc-9d93f69e855f/ENCFF436XMQ.tsv,9597990
ENCFF902UZL,/experiments/ENCSR000AAQ/,tsv,tsv,gene quantifications,RNA-seq,CL:0002584,renal cortical epithelial cell,primary cell,,ENCSR590RJC,29/7/20,ENCODE,ENCODE Processing Pipeline,423772d6ee382c31f82af6d1030d1655,,https://www.encodeproject.org/files/ENCFF902UZL/@@download/ENCFF902UZL.tsv,hg19,released,"/files/ENCFF867MRO/, /files/ENCFF826ONU/",https://encode-public.s3.amazonaws.com/2015/06/25/22a74967-b3df-4dfc-ade7-0553e3a2b038/ENCFF902UZL.tsv,9568329
ENCFF708OYI,/experiments/ENCSR000CUL/,tsv,tsv,gene quantifications,RNA-seq,CL:0002558,fibroblast of villous mesenchyme,primary cell,,ENCSR590RJC,29/7/20,ENCODE,ENCODE Processing Pipeline,50c7bb3a3d5c12e1e5c4de31fbc3d50b,,https://www.encodeproject.org/files/ENCFF708OYI/@@download/ENCFF708OYI.tsv,hg19,released,/files/ENCFF335YMZ/,https://encode-public.s3.amazonaws.com/2015/06/25/ddb2cdfb-bc34-487e-b3e1-da5a4e274d63/ENCFF708OYI.tsv,9590558
ENCFF641WIZ,/experiments/ENCSR000CUK/,tsv,tsv,gene quantifications,RNA-seq,CL:0002545,thoracic aorta endothelial cell,primary cell,,ENCSR590RJC,29/7/20,ENCODE,ENCODE Processing Pipeline,75f26d8690f818da6a851aa67bfd90b4,,https://www.encodeproject.org/files/ENCFF641WIZ/@@download/ENCFF641WIZ.tsv,hg19,released,"/files/ENCFF088ONJ/, /files/ENCFF826ONU/",https://encode-public.s3.amazonaws.com/2015/06/25/58776052-a4e3-41fc-a0ad-b2af201cbd05/ENCFF641WIZ.tsv,9549915
ENCFF869ZVU,/experiments/ENCSR000AAR/,tsv,tsv,gene quantifications,RNA-seq,CL:0000307,tracheal epithelial cell,primary cell,,ENCSR590RJC,29/7/20,ENCODE,ENCODE Processing Pipeline,02fd8c3f66b59816e3afc0fb032d28fd,,https://www.encodeproject.org/files/ENCFF869ZVU/@@download/ENCFF869ZVU.tsv,hg19,released,"/files/ENCFF630ZME/, /files/ENCFF826ONU/",https://encode-public.s3.amazonaws.com/2015/06/25/ba14befd-da7f-45c1-a7f9-107b0716f8ca/ENCFF869ZVU.tsv,9585319
ENCFF563PIQ,/experiments/ENCSR000AAE/,tsv,tsv,gene quantifications,RNA-seq,CL:0002598,bronchial smooth muscle cell,primary cell,,ENCSR590RJC,29/7/20,ENCODE,ENCODE Processing Pipeline,be5204d0e4089abf0b6d9d17dd9e42c2,,https://www.encodeproject.org/files/ENCFF563PIQ/@@download/ENCFF563PIQ.tsv,hg19,released,"/files/ENCFF176VMN/, /files/ENCFF826ONU/",https://encode-public.s3.amazonaws.com/2015/06/25/71394509-c78e-4e36-9dc5-f1b2cc72642c/ENCFF563PIQ.tsv,9621796
ENCFF164YUT,/experiments/ENCSR000AAS/,tsv,tsv,gene quantifications,RNA-seq,CL:0002600,smooth muscle cell of trachea,primary cell,,ENCSR590RJC,29/7/20,ENCODE,ENCODE Processing Pipeline,2c28b38cecec5389eb93b611bef64567,,https://www.encodeproject.org/files/ENCFF164YUT/@@download/ENCFF164YUT.tsv,hg19,released,"/files/ENCFF795ZOA/, /files/ENCFF826ONU/",https://encode-public.s3.amazonaws.com/2015/06/25/3f488ee8-57eb-4daa-8986-f9b9c6f84179/ENCFF164YUT.tsv,9577040
ENCFF826JBV,/experiments/ENCSR000AAL/,tsv,tsv,gene quantifications,RNA-seq,CL:2000094,nasal cavity respiratory epithelium epithelial cell of viscerocranial mucosa,primary cell,,ENCSR590RJC,29/7/20,ENCODE,ENCODE Processing Pipeline,dc0f61eb5b0a0432deb887f9e58c3a23,,https://www.encodeproject.org/files/ENCFF826JBV/@@download/ENCFF826JBV.tsv,hg19,released,"/files/ENCFF959NAE/, /files/ENCFF826ONU/",https://encode-public.s3.amazonaws.com/2015/06/25/2de00cc1-7a41-48b3-9fb0-2405edd60f6b/ENCFF826JBV.tsv,9563699
ENCFF193YHT,/experiments/ENCSR000AAD/,tsv,tsv,gene quantifications,RNA-seq,CL:0002328,bronchial epithelial cell,primary cell,,ENCSR590RJC,29/7/20,ENCODE,ENCODE Processing Pipeline,5aa3314ddd24c0896fdc3b7d2970537a,,https://www.encodeproject.org/files/ENCFF193YHT/@@download/ENCFF193YHT.tsv,hg19,released,"/files/ENCFF967QFG/, /files/ENCFF826ONU/",https://encode-public.s3.amazonaws.com/2015/06/24/d4f5fc24-1787-42ab-aa43-54bcc25d75aa/ENCFF193YHT.tsv,9632768
ENCFF426MAO,/experiments/ENCSR000AAS/,tsv,tsv,gene quantifications,RNA-seq,CL:0002600,smooth muscle cell of trachea,primary cell,,ENCSR590RJC,29/7/20,ENCODE,ENCODE Processing Pipeline,3d965b3f142da7b7e16cd48ec2edb6cb,,https://www.encodeproject.org/files/ENCFF426MAO/@@download/ENCFF426MAO.tsv,hg19,released,"/files/ENCFF722ELQ/, /files/ENCFF826ONU/",https://encode-public.s3.amazonaws.com/2015/06/25/81e89b56-2a2d-45bc-8ebb-13c75e69f803/ENCFF426MAO.tsv,9577675
ENCFF743YRX,/experiments/ENCSR000AAC/,tsv,tsv,gene quantifications,RNA-seq,CL:0002597,smooth muscle cell of bladder,primary cell,,ENCSR590RJC,29/7/20,ENCODE,ENCODE Processing Pipeline,a1ea4b483bff47cf2986f36860916f29,,https://www.encodeproject.org/files/ENCFF743YRX/@@download/ENCFF743YRX.tsv,hg19,released,"/files/ENCFF283RFZ/, /files/ENCFF826ONU/",https://encode-public.s3.amazonaws.com/2015/06/25/20fe27ed-a987-4a49-b892-1459e0db4811/ENCFF743YRX.tsv,9575474
ENCFF671GAH,/experiments/ENCSR000AAA/,tsv,tsv,gene quantifications,RNA-seq,CL:0002539,aortic smooth muscle cell,primary cell,,ENCSR590RJC,29/7/20,ENCODE,ENCODE Processing Pipeline,bb1a1b7e374176ee8eee8233806d48ef,,https://www.encodeproject.org/files/ENCFF671GAH/@@download/ENCFF671GAH.tsv,hg19,released,"/files/ENCFF748DIV/, /files/ENCFF826ONU/",https://encode-public.s3.amazonaws.com/2015/06/25/adba6bb8-8f0a-4c8d-8d40-a918062b8d37/ENCFF671GAH.tsv,9593757
ENCFF260DPL,/experiments/ENCSR000AAG/,tsv,tsv,gene quantifications,RNA-seq,CL:0002592,smooth muscle cell of the coronary artery,primary cell,,ENCSR590RJC,29/7/20,ENCODE,ENCODE Processing Pipeline,b9c259e29654d19494c4f5c117e28f7d,,https://www.encodeproject.org/files/ENCFF260DPL/@@download/ENCFF260DPL.tsv,hg19,released,"/files/ENCFF395QXE/, /files/ENCFF826ONU/",https://encode-public.s3.amazonaws.com/2015/06/25/64299b65-f8f5-48be-a0af-c150723f9855/ENCFF260DPL.tsv,9594035
ENCFF755GEI,/experiments/ENCSR000AAJ/,tsv,tsv,gene quantifications,RNA-seq,CL:2000011,dermis lymphatic vessel endothelial cell,primary cell,,ENCSR590RJC,29/7/20,ENCODE,ENCODE Processing Pipeline,2d18345700fcd589b28ecb988478a21c,,https://www.encodeproject.org/files/ENCFF755GEI/@@download/ENCFF755GEI.tsv,hg19,released,"/files/ENCFF075LXY/, /files/ENCFF826ONU/",https://encode-public.s3.amazonaws.com/2015/06/25/d6ef81a0-6a71-44f3-974d-9ac232877944/ENCFF755GEI.tsv,9604903
ENCFF111SEX,/experiments/ENCSR000AAJ/,tsv,tsv,gene quantifications,RNA-seq,CL:2000011,dermis lymphatic vessel endothelial cell,primary cell,,ENCSR590RJC,29/7/20,ENCODE,ENCODE Processing Pipeline,d7dc9462f64c524db976745ec6132dfc,,https://www.encodeproject.org/files/ENCFF111SEX/@@download/ENCFF111SEX.tsv,hg19,released,"/files/ENCFF597WCI/, /files/ENCFF826ONU/",https://encode-public.s3.amazonaws.com/2015/06/25/574d2b03-416a-47a5-ad63-764225fd106e/ENCFF111SEX.tsv,9581019
ENCFF377UBC,/experiments/ENCSR000AAD/,tsv,tsv,gene quantifications,RNA-seq,CL:0002328,bronchial epithelial cell,primary cell,,ENCSR590RJC,29/7/20,ENCODE,ENCODE Processing Pipeline,038047c319e010cd14e3a767267db634,,https://www.encodeproject.org/files/ENCFF377UBC/@@download/ENCFF377UBC.tsv,hg19,released,"/files/ENCFF509AAN/, /files/ENCFF826ONU/",https://encode-public.s3.amazonaws.com/2015/06/24/4544697b-f8ac-4ace-a54c-bf8ac8c93cee/ENCFF377UBC.tsv,9597813
ENCFF229KPD,/experiments/ENCSR000CUG/,tsv,tsv,gene quantifications,RNA-seq,CL:0002543,vein endothelial cell,primary cell,,ENCSR590RJC,29/7/20,ENCODE,ENCODE Processing Pipeline,c88044447c204b57e3625ba20d0a3b1d,,https://www.encodeproject.org/files/ENCFF229KPD/@@download/ENCFF229KPD.tsv,hg19,released,"/files/ENCFF636OFW/, /files/ENCFF826ONU/",https://encode-public.s3.amazonaws.com/2015/06/24/093611fb-9e98-483b-85fb-b9eb7657a09c/ENCFF229KPD.tsv,9555887
ENCFF722QGY,/experiments/ENCSR000CUR/,tsv,tsv,gene quantifications,RNA-seq,CL:1000458,melanocyte of skin,primary cell,,ENCSR590RJC,29/7/20,ENCODE,ENCODE Processing Pipeline,3be420495a2ef8acd09c7da917126aa8,,https://www.encodeproject.org/files/ENCFF722QGY/@@download/ENCFF722QGY.tsv,hg19,released,/files/ENCFF694DVQ/,https://encode-public.s3.amazonaws.com/2015/06/24/02943073-fe9e-4f83-833b-06cbf603bba7/ENCFF722QGY.tsv,9547072
ENCFF047WVA,/experiments/ENCSR369RVN/,tsv,tsv,gene quantifications,RNA-seq,CL:2000066,cardiac ventricle fibroblast,primary cell,,ENCSR590RJC,29/7/20,ENCODE,ENCODE Processing Pipeline,99ab5fa0452097299fd655e7432fab6e,,https://www.encodeproject.org/files/ENCFF047WVA/@@download/ENCFF047WVA.tsv,hg19,released,"/files/ENCFF099UXE/, /files/ENCFF826ONU/",https://encode-public.s3.amazonaws.com/2015/08/20/15c9e9dd-c12c-4f85-a3fa-bb38e16b7e10/ENCFF047WVA.tsv,9510124
ENCFF129BNX,/experiments/ENCSR118TVR/,tsv,tsv,gene quantifications,RNA-seq,CL:0002306,epithelial cell of proximal tubule,primary cell,,ENCSR590RJC,29/7/20,ENCODE,ENCODE Processing Pipeline,806ae1db2f3b71f462de2eeb717cd711,,https://www.encodeproject.org/files/ENCFF129BNX/@@download/ENCFF129BNX.tsv,hg19,released,"/files/ENCFF443DBW/, /files/ENCFF826ONU/",https://encode-public.s3.amazonaws.com/2015/10/10/d4b95e02-a8b7-46ab-85b3-8cd4ed4f1f8a/ENCFF129BNX.tsv,9563324
ENCFF380AIN,/experiments/ENCSR118TVR/,tsv,tsv,gene quantifications,RNA-seq,CL:0002306,epithelial cell of proximal tubule,primary cell,,ENCSR590RJC,29/7/20,ENCODE,ENCODE Processing Pipeline,65058519519fdad841153069ed9ce4e4,,https://www.encodeproject.org/files/ENCFF380AIN/@@download/ENCFF380AIN.tsv,hg19,released,"/files/ENCFF420XTU/, /files/ENCFF826ONU/",https://encode-public.s3.amazonaws.com/2015/10/10/f9525d93-1185-45f0-889c-f33422cf8746/ENCFF380AIN.tsv,9550703
ENCFF490FUM,/experiments/ENCSR000CUD/,tsv,tsv,gene quantifications,RNA-seq,CL:0002540,mesenchymal stem cell of the bone marrow,primary cell,,ENCSR590RJC,29/7/20,ENCODE,ENCODE Processing Pipeline,cfffb6cbe67ce91222fb54b1829ed5de,,https://www.encodeproject.org/files/ENCFF490FUM/@@download/ENCFF490FUM.tsv,hg19,released,"/files/ENCFF826ONU/, /files/ENCFF917NPA/",https://encode-public.s3.amazonaws.com/2016/10/10/022d9337-bd20-455e-adc5-8503992e601f/ENCFF490FUM.tsv,9536935
ENCFF583EEW,/experiments/ENCSR000AAE/,tsv,tsv,gene quantifications,RNA-seq,CL:0002598,bronchial smooth muscle cell,primary cell,,ENCSR590RJC,29/7/20,ENCODE,ENCODE Processing Pipeline,97d15b164d3804e49062d51bba3a49f0,,https://www.encodeproject.org/files/ENCFF583EEW/@@download/ENCFF583EEW.tsv,hg19,released,"/files/ENCFF315XLQ/, /files/ENCFF826ONU/",https://encode-public.s3.amazonaws.com/2015/06/25/550268da-14d6-4b8b-ba28-3f07c6ed56ce/ENCFF583EEW.tsv,9615384
ENCFF742XJQ,/experiments/ENCSR815UVL/,tsv,tsv,gene quantifications,RNA-seq,CL:2000071,mammary microvascular endothelial cell,primary cell,,ENCSR590RJC,29/7/20,ENCODE,ENCODE Processing Pipeline,18640c56ac33b82b73b523ed5aace713,,https://www.encodeproject.org/files/ENCFF742XJQ/@@download/ENCFF742XJQ.tsv,hg19,released,"/files/ENCFF458TRV/, /files/ENCFF826ONU/",https://encode-public.s3.amazonaws.com/2015/05/28/c3418392-caa2-4656-aee8-08c1f3f03907/ENCFF742XJQ.tsv,9530321
ENCFF650BVH,/experiments/ENCSR000CUB/,tsv,tsv,gene quantifications,RNA-seq,CL:0000346,hair follicle dermal papilla cell,primary cell,,ENCSR590RJC,29/7/20,ENCODE,ENCODE Processing Pipeline,30722d23bc0caef449a9b4c648b562f4,,https://www.encodeproject.org/files/ENCFF650BVH/@@download/ENCFF650BVH.tsv,hg19,released,"/files/ENCFF379BHE/, /files/ENCFF826ONU/",https://encode-public.s3.amazonaws.com/2015/06/24/ecc51a5f-4b3f-40a8-bfcb-8909906ec803/ENCFF650BVH.tsv,9544360
ENCFF096DQV,/experiments/ENCSR897KTO/,tsv,tsv,gene quantifications,RNA-seq,CL:0010003,epithelial cell of alveolus of lung,primary cell,,ENCSR590RJC,29/7/20,ENCODE,ENCODE Processing Pipeline,217536679fc3cada45dd6ffeadff072f,,https://www.encodeproject.org/files/ENCFF096DQV/@@download/ENCFF096DQV.tsv,hg19,released,"/files/ENCFF606XCY/, /files/ENCFF826ONU/",https://encode-public.s3.amazonaws.com/2015/05/28/da5abc34-5f3e-4379-bd02-20904e942169/ENCFF096DQV.tsv,9497428
ENCFF106YFW,/experiments/ENCSR822SUG/,tsv,tsv,gene quantifications,RNA-seq,CL:0002368,airway epithelial cell,primary cell,,ENCSR590RJC,29/7/20,ENCODE,ENCODE Processing Pipeline,88c6eb5ac188df1bdcddc7c35fc86329,,https://www.encodeproject.org/files/ENCFF106YFW/@@download/ENCFF106YFW.tsv,hg19,released,"/files/ENCFF914TGF/, /files/ENCFF826ONU/",https://encode-public.s3.amazonaws.com/2015/08/24/51aea3ba-b4f1-41e1-8879-f38970dc199c/ENCFF106YFW.tsv,9529719
ENCFF519TDF,/experiments/ENCSR362HMX/,tsv,tsv,gene quantifications,RNA-seq,CL:2000068,pericardium fibroblast,primary cell,,ENCSR590RJC,29/7/20,ENCODE,ENCODE Processing Pipeline,301efe893571e5dde0cfc3c282fab135,,https://www.encodeproject.org/files/ENCFF519TDF/@@download/ENCFF519TDF.tsv,hg19,released,"/files/ENCFF886YPO/, /files/ENCFF826ONU/",https://encode-public.s3.amazonaws.com/2015/10/10/e03a56ed-a8f8-4377-882c-79073a3acb2a/ENCFF519TDF.tsv,9583280
ENCFF087MSU,/experiments/ENCSR000CUD/,tsv,tsv,gene quantifications,RNA-seq,CL:0002540,mesenchymal stem cell of the bone marrow,primary cell,,ENCSR590RJC,29/7/20,ENCODE,ENCODE Processing Pipeline,31d08c337a830fb1aef206156f95ae6a,,https://www.encodeproject.org/files/ENCFF087MSU/@@download/ENCFF087MSU.tsv,hg19,released,"/files/ENCFF826ONU/, /files/ENCFF257XKH/",https://encode-public.s3.amazonaws.com/2016/10/10/2e6789bd-716f-4a9e-9379-6d28011818f6/ENCFF087MSU.tsv,9546640
ENCFF789RLJ,/experiments/ENCSR000CUO/,tsv,tsv,gene quantifications,RNA-seq,CL:0002568,mesenchymal stem cell of Wharton's jelly,primary cell,,ENCSR590RJC,29/7/20,ENCODE,ENCODE Processing Pipeline,5b1afcc70af9b4fe38398a3a44353d49,,https://www.encodeproject.org/files/ENCFF789RLJ/@@download/ENCFF789RLJ.tsv,hg19,released,"/files/ENCFF826ONU/, /files/ENCFF168SZJ/",https://encode-public.s3.amazonaws.com/2016/10/10/903e949e-53b7-4dba-bd7c-dbaa5b076706/ENCFF789RLJ.tsv,9567744
ENCFF517JRG,/experiments/ENCSR000CTZ/,tsv,tsv,gene quantifications,RNA-seq,CL:0002570,mesenchymal stem cell of adipose,primary cell,,ENCSR590RJC,29/7/20,ENCODE,ENCODE Processing Pipeline,109791c06157e041f652bdb71ac7a8d1,,https://www.encodeproject.org/files/ENCFF517JRG/@@download/ENCFF517JRG.tsv,hg19,released,"/files/ENCFF826ONU/, /files/ENCFF713RNR/",https://encode-public.s3.amazonaws.com/2016/10/10/a9f88b2f-9b91-4062-8387-9e0a320a6896/ENCFF517JRG.tsv,9535660
ENCFF879TUK,/experiments/ENCSR000CTZ/,tsv,tsv,gene quantifications,RNA-seq,CL:0002570,mesenchymal stem cell of adipose,primary cell,,ENCSR590RJC,29/7/20,ENCODE,ENCODE Processing Pipeline,0943b2dd2075e0569e4b01d96074d167,,https://www.encodeproject.org/files/ENCFF879TUK/@@download/ENCFF879TUK.tsv,hg19,released,"/files/ENCFF826ONU/, /files/ENCFF474RUC/",https://encode-public.s3.amazonaws.com/2016/10/10/d4e6a137-da6e-4d2b-bd07-6a840f7f0a0e/ENCFF879TUK.tsv,9512833
ENCFF314HNA,/experiments/ENCSR110BDY/,tsv,tsv,gene quantifications,RNA-seq,CL:2000067,cardiac atrium fibroblast,primary cell,,ENCSR590RJC,29/7/20,ENCODE,ENCODE Processing Pipeline,ebf193caaa4d8e5bebe6541f00982aec,,https://www.encodeproject.org/files/ENCFF314HNA/@@download/ENCFF314HNA.tsv,hg19,released,"/files/ENCFF503BWQ/, /files/ENCFF826ONU/",https://encode-public.s3.amazonaws.com/2015/05/28/40b13273-9f07-4daa-9990-d889a63f8f43/ENCFF314HNA.tsv,9525343
ENCFF108PJF,/experiments/ENCSR373BDG/,tsv,tsv,gene quantifications,RNA-seq,CL:0002518,kidney epithelial cell,primary cell,,ENCSR590RJC,29/7/20,ENCODE,ENCODE Processing Pipeline,0fad508c50e5fe5829d740d7311e4086,,https://www.encodeproject.org/files/ENCFF108PJF/@@download/ENCFF108PJF.tsv,hg19,released,"/files/ENCFF371ACP/, /files/ENCFF826ONU/",https://encode-public.s3.amazonaws.com/2015/05/28/c3e7335d-92b8-45b0-af47-94b0cc29e2fc/ENCFF108PJF.tsv,9518677
ENCFF762CTR,/experiments/ENCSR620NSN/,tsv,tsv,gene quantifications,RNA-seq,CL:2000093,bronchus fibroblast of lung,primary cell,,ENCSR590RJC,29/7/20,ENCODE,ENCODE Processing Pipeline,baf59466a10d8905fe529c0f73ac87ba,,https://www.encodeproject.org/files/ENCFF762CTR/@@download/ENCFF762CTR.tsv,hg19,released,"/files/ENCFF362KIM/, /files/ENCFF826ONU/",https://encode-public.s3.amazonaws.com/2015/05/28/f8ef61db-334c-48ae-b12e-47a144887791/ENCFF762CTR.tsv,9525302
ENCFF453HRG,/experiments/ENCSR000CUO/,tsv,tsv,gene quantifications,RNA-seq,CL:0002568,mesenchymal stem cell of Wharton's jelly,primary cell,,ENCSR590RJC,29/7/20,ENCODE,ENCODE Processing Pipeline,720b572e39bd6bd3e105dcf61349b687,,https://www.encodeproject.org/files/ENCFF453HRG/@@download/ENCFF453HRG.tsv,hg19,released,"/files/ENCFF826ONU/, /files/ENCFF441KCI/",https://encode-public.s3.amazonaws.com/2016/10/10/0abaa588-1c11-495f-ac46-1d4b7548ae37/ENCFF453HRG.tsv,9557079
ENCFF229QGJ,/experiments/ENCSR371VGV/,tsv,tsv,gene quantifications,RNA-seq,CL:0002366,myometrial cell,primary cell,,ENCSR590RJC,29/7/20,ENCODE,ENCODE Processing Pipeline,a732b1b55768f208196d0c4e702e738c,,https://www.encodeproject.org/files/ENCFF229QGJ/@@download/ENCFF229QGJ.tsv,hg19,released,"/files/ENCFF527CTW/, /files/ENCFF826ONU/",https://encode-public.s3.amazonaws.com/2015/05/28/a2060f1c-c9af-40d0-9d23-54f395bf73c7/ENCFF229QGJ.tsv,9512897
ENCFF370KKZ,/experiments/ENCSR897KTO/,tsv,tsv,gene quantifications,RNA-seq,CL:0010003,epithelial cell of alveolus of lung,primary cell,,ENCSR590RJC,29/7/20,ENCODE,ENCODE Processing Pipeline,0c10cedba2721d69f53709ca2e615ac4,,https://www.encodeproject.org/files/ENCFF370KKZ/@@download/ENCFF370KKZ.tsv,hg19,released,"/files/ENCFF142PML/, /files/ENCFF826ONU/",https://encode-public.s3.amazonaws.com/2015/05/28/b03c3ae9-c827-42ae-b5b4-d2a8492f5fb2/ENCFF370KKZ.tsv,9527261
ENCFF579ZGU,/experiments/ENCSR371VGV/,tsv,tsv,gene quantifications,RNA-seq,CL:0002366,myometrial cell,primary cell,,ENCSR590RJC,29/7/20,ENCODE,ENCODE Processing Pipeline,5a237f57905d19649808d94f3b5d5005,,https://www.encodeproject.org/files/ENCFF579ZGU/@@download/ENCFF579ZGU.tsv,hg19,released,"/files/ENCFF207RZM/, /files/ENCFF826ONU/",https://encode-public.s3.amazonaws.com/2015/05/28/62f45131-171c-45a2-8ffa-1f79a8e61ef8/ENCFF579ZGU.tsv,9524275
ENCFF896RUC,/experiments/ENCSR362HMX/,tsv,tsv,gene quantifications,RNA-seq,CL:2000068,pericardium fibroblast,primary cell,,ENCSR590RJC,29/7/20,ENCODE,ENCODE Processing Pipeline,abc0421f0b6224cadb1221bf5b157620,,https://www.encodeproject.org/files/ENCFF896RUC/@@download/ENCFF896RUC.tsv,hg19,released,"/files/ENCFF626IUU/, /files/ENCFF826ONU/",https://encode-public.s3.amazonaws.com/2015/10/10/279e810b-ea46-4fe8-83af-76164e3ac7bf/ENCFF896RUC.tsv,9572572
ENCFF147HDX,/experiments/ENCSR878EUT/,tsv,tsv,gene quantifications,RNA-seq,CL:0002188,glomerular endothelial cell,primary cell,,ENCSR590RJC,29/7/20,ENCODE,ENCODE Processing Pipeline,424d2113c23754af3c284a86326c430d,,https://www.encodeproject.org/files/ENCFF147HDX/@@download/ENCFF147HDX.tsv,hg19,released,"/files/ENCFF236LDG/, /files/ENCFF826ONU/",https://encode-public.s3.amazonaws.com/2015/10/10/5533eb8b-e650-48d1-a747-fd9014461e9f/ENCFF147HDX.tsv,9534478
ENCFF902CHM,/experiments/ENCSR000AAN/,tsv,tsv,gene quantifications,RNA-seq,CL:0002591,smooth muscle cell of the pulmonary artery,primary cell,,ENCSR590RJC,29/7/20,ENCODE,ENCODE Processing Pipeline,f7e78aed23113a8d385bb9df27aac43f,,https://www.encodeproject.org/files/ENCFF902CHM/@@download/ENCFF902CHM.tsv,hg19,released,"/files/ENCFF103VCA/, /files/ENCFF826ONU/",https://encode-public.s3.amazonaws.com/2015/06/25/49018a03-b897-43e4-aae9-3cdb40fe8e0d/ENCFF902CHM.tsv,9568904
ENCFF495BUA,/experiments/ENCSR000CUB/,tsv,tsv,gene quantifications,RNA-seq,CL:0000346,hair follicle dermal papilla cell,primary cell,,ENCSR590RJC,29/7/20,ENCODE,ENCODE Processing Pipeline,d9853fecc4d1c5c383ce8615572bf4c0,,https://www.encodeproject.org/files/ENCFF495BUA/@@download/ENCFF495BUA.tsv,hg19,released,"/files/ENCFF246ZQU/, /files/ENCFF826ONU/",https://encode-public.s3.amazonaws.com/2015/06/24/13ecdd7a-7413-4240-b063-e7d07f67d091/ENCFF495BUA.tsv,9517098
ENCFF633KUP,/experiments/ENCSR000CUF/,tsv,tsv,gene quantifications,RNA-seq,CL:0000062,osteoblast,primary cell,,ENCSR590RJC,29/7/20,ENCODE,ENCODE Processing Pipeline,741d37c3af81747eeec48d6a42fa09bf,,https://www.encodeproject.org/files/ENCFF633KUP/@@download/ENCFF633KUP.tsv,hg19,released,"/files/ENCFF866HAU/, /files/ENCFF826ONU/",https://encode-public.s3.amazonaws.com/2015/06/25/2988807b-c611-4e30-ad35-cc9be9389c2d/ENCFF633KUP.tsv,9558262
ENCFF345WXW,/experiments/ENCSR000CUM/,tsv,tsv,gene quantifications,RNA-seq,CL:0002583,subcutaneous preadipocyte,primary cell,,ENCSR590RJC,29/7/20,ENCODE,ENCODE Processing Pipeline,47710b7de305bdcd2d198d67d1903828,,https://www.encodeproject.org/files/ENCFF345WXW/@@download/ENCFF345WXW.tsv,hg19,released,"/files/ENCFF199MDM/, /files/ENCFF826ONU/",https://encode-public.s3.amazonaws.com/2015/06/24/101f205a-16a0-4621-abb2-4e1529d8f130/ENCFF345WXW.tsv,9566265
ENCFF044EJX,/experiments/ENCSR000CUR/,tsv,tsv,gene quantifications,RNA-seq,CL:1000458,melanocyte of skin,primary cell,,ENCSR590RJC,29/7/20,ENCODE,ENCODE Processing Pipeline,03ce317e956b178360b58500800d39cf,,https://www.encodeproject.org/files/ENCFF044EJX/@@download/ENCFF044EJX.tsv,hg19,released,/files/ENCFF871WQE/,https://encode-public.s3.amazonaws.com/2015/06/24/0e35b5e8-9267-4f20-ada4-eabf992a05fb/ENCFF044EJX.tsv,9558984
ENCFF109DZG,/experiments/ENCSR000AAL/,tsv,tsv,gene quantifications,RNA-seq,CL:2000094,nasal cavity respiratory epithelium epithelial cell of viscerocranial mucosa,primary cell,,ENCSR590RJC,29/7/20,ENCODE,ENCODE Processing Pipeline,cd53448bdb264f679efa8e719a1b635a,,https://www.encodeproject.org/files/ENCFF109DZG/@@download/ENCFF109DZG.tsv,hg19,released,"/files/ENCFF484JTQ/, /files/ENCFF826ONU/",https://encode-public.s3.amazonaws.com/2015/06/25/7f40093c-1f67-4d7e-942a-a08274270627/ENCFF109DZG.tsv,9596751
ENCFF547OMM,/experiments/ENCSR000CTX/,tsv,tsv,gene quantifications,RNA-seq,CL:2000078,placental pericyte,primary cell,,ENCSR590RJC,29/7/20,ENCODE,ENCODE Processing Pipeline,0f31f4d7ef6829a727a28da570f90114,,https://www.encodeproject.org/files/ENCFF547OMM/@@download/ENCFF547OMM.tsv,hg19,released,"/files/ENCFF993XPL/, /files/ENCFF826ONU/",https://encode-public.s3.amazonaws.com/2015/06/24/cb9ed29a-424f-4f39-9e0b-f88cf71c4dc6/ENCFF547OMM.tsv,9553291
ENCFF117AWL,/experiments/ENCSR000AAB/,tsv,tsv,gene quantifications,RNA-seq,CL:2000040,bladder microvascular endothelial cell,primary cell,,ENCSR590RJC,29/7/20,ENCODE,ENCODE Processing Pipeline,ad9c3806be9dc769c03d69c0f01cd8a5,,https://www.encodeproject.org/files/ENCFF117AWL/@@download/ENCFF117AWL.tsv,hg19,released,"/files/ENCFF268JIU/, /files/ENCFF826ONU/",https://encode-public.s3.amazonaws.com/2015/06/25/d69fd22a-a482-4e78-a8b0-7a3fc6538f56/ENCFF117AWL.tsv,9593106
ENCFF416NCQ,/experiments/ENCSR919MZM/,tsv,tsv,gene quantifications,RNA-seq,CL:2000091,endometrial microvascular endothelial cells,primary cell,,ENCSR590RJC,29/7/20,ENCODE,ENCODE Processing Pipeline,036b68d2cf1bbf04e175bb63c0bdb402,,https://www.encodeproject.org/files/ENCFF416NCQ/@@download/ENCFF416NCQ.tsv,hg19,released,"/files/ENCFF762VPZ/, /files/ENCFF826ONU/",https://encode-public.s3.amazonaws.com/2015/05/28/a4b3ef5e-46eb-4b4c-805a-45a9b696b110/ENCFF416NCQ.tsv,9498865
ENCFF523ZWF,/experiments/ENCSR000CUE/,tsv,tsv,gene quantifications,RNA-seq,CL:2000007,articular chondrocyte of knee joint,primary cell,,ENCSR590RJC,29/7/20,ENCODE,ENCODE Processing Pipeline,bbba63141dcd814dbe77d0c987b3f035,,https://www.encodeproject.org/files/ENCFF523ZWF/@@download/ENCFF523ZWF.tsv,hg19,released,"/files/ENCFF399GMN/, /files/ENCFF826ONU/",https://encode-public.s3.amazonaws.com/2015/06/25/c9aa2b70-ec29-4cc8-b0a8-45524d836928/ENCFF523ZWF.tsv,9522495
ENCFF834EAX,/experiments/ENCSR000AAU/,tsv,tsv,gene quantifications,RNA-seq,CL:0002594,smooth muscle cell of the umbilical artery,primary cell,,ENCSR590RJC,29/7/20,ENCODE,ENCODE Processing Pipeline,0ac25b346594c8272e7724c2909b28fd,,https://www.encodeproject.org/files/ENCFF834EAX/@@download/ENCFF834EAX.tsv,hg19,released,"/files/ENCFF810VZE/, /files/ENCFF826ONU/",https://encode-public.s3.amazonaws.com/2015/06/24/4f7ba9ee-5a39-4771-baec-1670970973b5/ENCFF834EAX.tsv,9555320
ENCFF571QGO,/experiments/ENCSR000AAC/,tsv,tsv,gene quantifications,RNA-seq,CL:0002597,smooth muscle cell of bladder,primary cell,,ENCSR590RJC,29/7/20,ENCODE,ENCODE Processing Pipeline,e695dff3b0f97cbebff75eb3b9ce259c,,https://www.encodeproject.org/files/ENCFF571QGO/@@download/ENCFF571QGO.tsv,hg19,released,"/files/ENCFF107ZZE/, /files/ENCFF826ONU/",https://encode-public.s3.amazonaws.com/2015/06/25/5a65839b-4d88-49df-b44a-05bf76b171ee/ENCFF571QGO.tsv,9588617
ENCFF033CRC,/experiments/ENCSR000CUG/,tsv,tsv,gene quantifications,RNA-seq,CL:0002543,vein endothelial cell,primary cell,,ENCSR590RJC,29/7/20,ENCODE,ENCODE Processing Pipeline,89f7d91d99c04de72081405a7e9ac9f2,,https://www.encodeproject.org/files/ENCFF033CRC/@@download/ENCFF033CRC.tsv,hg19,released,"/files/ENCFF591VMC/, /files/ENCFF826ONU/",https://encode-public.s3.amazonaws.com/2015/06/24/81ed8fb6-ea9c-4352-bcec-1e329dc2000f/ENCFF033CRC.tsv,9525662
ENCFF567UZO,/experiments/ENCSR000AAN/,tsv,tsv,gene quantifications,RNA-seq,CL:0002591,smooth muscle cell of the pulmonary artery,primary cell,,ENCSR590RJC,29/7/20,ENCODE,ENCODE Processing Pipeline,cf4e70f370da5784a095ab9b5e2c4def,,https://www.encodeproject.org/files/ENCFF567UZO/@@download/ENCFF567UZO.tsv,hg19,released,"/files/ENCFF820BEA/, /files/ENCFF826ONU/",https://encode-public.s3.amazonaws.com/2015/06/25/e1cb27d2-7788-4662-b85c-29fdebb6f1e6/ENCFF567UZO.tsv,9549427
ENCFF890DJO,/experiments/ENCSR000AAQ/,tsv,tsv,gene quantifications,RNA-seq,CL:0002584,renal cortical epithelial cell,primary cell,,ENCSR590RJC,29/7/20,ENCODE,ENCODE Processing Pipeline,6f0f20d151ce94f47ed48077da199135,,https://www.encodeproject.org/files/ENCFF890DJO/@@download/ENCFF890DJO.tsv,hg19,released,"/files/ENCFF120DVA/, /files/ENCFF826ONU/",https://encode-public.s3.amazonaws.com/2015/06/25/0445759b-285e-447c-9556-87f411d2622e/ENCFF890DJO.tsv,9530328
ENCFF146VZC,/experiments/ENCSR000CUJ/,tsv,tsv,gene quantifications,RNA-seq,CL:0002547,fibroblast of the aortic adventitia,primary cell,,ENCSR590RJC,29/7/20,ENCODE,ENCODE Processing Pipeline,69310fa23c93c34b72796d4869c9766e,,https://www.encodeproject.org/files/ENCFF146VZC/@@download/ENCFF146VZC.tsv,hg19,released,/files/ENCFF178WWJ/,https://encode-public.s3.amazonaws.com/2015/06/25/9bf98dd4-e38e-4e92-a69c-7d784aaa5d1f/ENCFF146VZC.tsv,9529758
ENCFF906UPT,/experiments/ENCSR000AAI/,tsv,tsv,gene quantifications,RNA-seq,CL:2000010,dermis blood vessel endothelial cell,primary cell,,ENCSR590RJC,29/7/20,ENCODE,ENCODE Processing Pipeline,dbd8b38cd5e71e5f278555cdf2d74d28,,https://www.encodeproject.org/files/ENCFF906UPT/@@download/ENCFF906UPT.tsv,hg19,released,"/files/ENCFF614PFC/, /files/ENCFF826ONU/",https://encode-public.s3.amazonaws.com/2015/06/25/a4e15d7c-adbc-4893-8b62-5f3a15936aea/ENCFF906UPT.tsv,9576595
ENCFF155IHS,/experiments/ENCSR000AAF/,tsv,tsv,gene quantifications,RNA-seq,CL:2000018,endothelial cell of coronary artery,primary cell,,ENCSR590RJC,29/7/20,ENCODE,ENCODE Processing Pipeline,8f58f9cd0a4a09e497a5bcf9e886781a,,https://www.encodeproject.org/files/ENCFF155IHS/@@download/ENCFF155IHS.tsv,hg19,released,"/files/ENCFF673RDG/, /files/ENCFF826ONU/",https://encode-public.s3.amazonaws.com/2015/06/25/b9f29205-4b36-4460-bb97-36471a072bf2/ENCFF155IHS.tsv,9613288
ENCFF353DEP,/experiments/ENCSR000CUH/,tsv,tsv,gene quantifications,RNA-seq,CL:0002551,fibroblast of dermis,primary cell,,ENCSR590RJC,29/7/20,ENCODE,ENCODE Processing Pipeline,b7ef942ed8e590dbb0e503614473818c,,https://www.encodeproject.org/files/ENCFF353DEP/@@download/ENCFF353DEP.tsv,hg19,released,"/files/ENCFF504EQI/, /files/ENCFF826ONU/",https://encode-public.s3.amazonaws.com/2015/06/25/1bdba86a-6925-416a-9c2b-7b553a24c56c/ENCFF353DEP.tsv,9545573
ENCFF179WOH,/experiments/ENCSR878EUT/,tsv,tsv,gene quantifications,RNA-seq,CL:0002188,glomerular endothelial cell,primary cell,,ENCSR590RJC,29/7/20,ENCODE,ENCODE Processing Pipeline,7e68d3ed60928680e544c9f91b30a5f9,,https://www.encodeproject.org/files/ENCFF179WOH/@@download/ENCFF179WOH.tsv,hg19,released,"/files/ENCFF038XVH/, /files/ENCFF826ONU/",https://encode-public.s3.amazonaws.com/2015/10/10/2d32d8cb-13c8-42d0-83cb-af99008a4b6f/ENCFF179WOH.tsv,9539553
ENCFF581OOH,/experiments/ENCSR000AAM/,tsv,tsv,gene quantifications,RNA-seq,CL:1001568,pulmonary artery endothelial cell,primary cell,,ENCSR590RJC,29/7/20,ENCODE,ENCODE Processing Pipeline,c7fe6f2ff8b3d3273d8416b2e258693f,,https://www.encodeproject.org/files/ENCFF581OOH/@@download/ENCFF581OOH.tsv,hg19,released,"/files/ENCFF512HKW/, /files/ENCFF826ONU/",https://encode-public.s3.amazonaws.com/2015/06/25/933d2c8a-3d79-4390-81c7-b1a9791e930e/ENCFF581OOH.tsv,9570938
ENCFF961TGO,/experiments/ENCSR000CUP/,tsv,tsv,gene quantifications,RNA-seq,CL:0002577,placental epithelial cell,primary cell,,ENCSR590RJC,29/7/20,ENCODE,ENCODE Processing Pipeline,d7697620be305cf8a7f551481d5c204f,,https://www.encodeproject.org/files/ENCFF961TGO/@@download/ENCFF961TGO.tsv,hg19,released,"/files/ENCFF991CIX/, /files/ENCFF826ONU/",https://encode-public.s3.amazonaws.com/2015/06/24/52dbbc0e-6e08-4ed2-b42e-d12480b159ec/ENCFF961TGO.tsv,9588627
ENCFF485XEK,/experiments/ENCSR000AAV/,tsv,tsv,gene quantifications,RNA-seq,CL:0002601,uterine smooth muscle cell,primary cell,,ENCSR590RJC,29/7/20,ENCODE,ENCODE Processing Pipeline,32f3fc4ef390150c7135784eddd7960b,,https://www.encodeproject.org/files/ENCFF485XEK/@@download/ENCFF485XEK.tsv,hg19,released,"/files/ENCFF179UDC/, /files/ENCFF826ONU/",https://encode-public.s3.amazonaws.com/2015/06/25/6c0a054a-4fbd-4844-9441-8ae96f6f8d48/ENCFF485XEK.tsv,9549493
ENCFF666CRI,/experiments/ENCSR000AAT/,tsv,tsv,gene quantifications,RNA-seq,CL:0010002,epithelial cell of umbilical artery,primary cell,,ENCSR590RJC,29/7/20,ENCODE,ENCODE Processing Pipeline,b5a9ea024be44cca828d90bdf474e21e,,https://www.encodeproject.org/files/ENCFF666CRI/@@download/ENCFF666CRI.tsv,hg19,released,"/files/ENCFF211OWJ/, /files/ENCFF826ONU/",https://encode-public.s3.amazonaws.com/2015/06/24/6816f2d5-a853-44d5-9f02-947bc0648c07/ENCFF666CRI.tsv,9639038
ENCFF121YGG,/experiments/ENCSR000AAH/,tsv,tsv,gene quantifications,RNA-seq,CL:0002098,regular cardiac myocyte,primary cell,,ENCSR590RJC,29/7/20,ENCODE,ENCODE Processing Pipeline,3528902fe349d49ce17d5045f7a4d0e5,,https://www.encodeproject.org/files/ENCFF121YGG/@@download/ENCFF121YGG.tsv,hg19,released,"/files/ENCFF230OOL/, /files/ENCFF826ONU/",https://encode-public.s3.amazonaws.com/2015/06/25/6834a111-2247-4fe4-8160-afd3fbab8a87/ENCFF121YGG.tsv,9575716
ENCFF832MKM,/experiments/ENCSR000CUJ/,tsv,tsv,gene quantifications,RNA-seq,CL:0002547,fibroblast of the aortic adventitia,primary cell,,ENCSR590RJC,29/7/20,ENCODE,ENCODE Processing Pipeline,41ec65835e346f7c499f317c54130fcf,,https://www.encodeproject.org/files/ENCFF832MKM/@@download/ENCFF832MKM.tsv,hg19,released,/files/ENCFF019NZQ/,https://encode-public.s3.amazonaws.com/2015/06/25/b5caea50-c721-4312-9769-037d33537177/ENCFF832MKM.tsv,9523768
ENCFF625NHV,/experiments/ENCSR000AAF/,tsv,tsv,gene quantifications,RNA-seq,CL:2000018,endothelial cell of coronary artery,primary cell,,ENCSR590RJC,29/7/20,ENCODE,ENCODE Processing Pipeline,85cdc11262d5c6911db7690ae9c4666c,,https://www.encodeproject.org/files/ENCFF625NHV/@@download/ENCFF625NHV.tsv,hg19,released,"/files/ENCFF420FRZ/, /files/ENCFF826ONU/",https://encode-public.s3.amazonaws.com/2015/06/25/fe1ef765-81ae-4ef7-b18d-6bf3767c8a73/ENCFF625NHV.tsv,9597579
ENCFF344KCP,/experiments/ENCSR000AAT/,tsv,tsv,gene quantifications,RNA-seq,CL:0010002,epithelial cell of umbilical artery,primary cell,,ENCSR590RJC,29/7/20,ENCODE,ENCODE Processing Pipeline,5dd1d53b59e36d731a19d3d74d3c8cbe,,https://www.encodeproject.org/files/ENCFF344KCP/@@download/ENCFF344KCP.tsv,hg19,released,"/files/ENCFF564ZHW/, /files/ENCFF826ONU/",https://encode-public.s3.amazonaws.com/2015/06/24/6fdd723d-70d7-4ce9-8534-77513dd05e29/ENCFF344KCP.tsv,9549145
ENCFF598YQI,/experiments/ENCSR919MZM/,tsv,tsv,gene quantifications,RNA-seq,CL:2000091,endometrial microvascular endothelial cells,primary cell,,ENCSR590RJC,29/7/20,ENCODE,ENCODE Processing Pipeline,d700a90cec39cda1172a86776ae37b83,,https://www.encodeproject.org/files/ENCFF598YQI/@@download/ENCFF598YQI.tsv,hg19,released,"/files/ENCFF797URL/, /files/ENCFF826ONU/",https://encode-public.s3.amazonaws.com/2015/05/28/af78d237-5644-46dc-a5f3-d1da8dee5744/ENCFF598YQI.tsv,9488779
ENCFF988EBG,/experiments/ENCSR000AAG/,tsv,tsv,gene quantifications,RNA-seq,CL:0002592,smooth muscle cell of the coronary artery,primary cell,,ENCSR590RJC,29/7/20,ENCODE,ENCODE Processing Pipeline,cd831c1775dd78b96af8085209946964,,https://www.encodeproject.org/files/ENCFF988EBG/@@download/ENCFF988EBG.tsv,hg19,released,"/files/ENCFF554YWX/, /files/ENCFF826ONU/",https://encode-public.s3.amazonaws.com/2015/06/25/aed6398c-a2b8-4130-ba56-3e87b517ced4/ENCFF988EBG.tsv,9617711
ENCFF120PLK,/experiments/ENCSR198TKA/,tsv,tsv,gene quantifications,RNA-seq,CL:0000650,mesangial cell,primary cell,,ENCSR590RJC,29/7/20,ENCODE,ENCODE Processing Pipeline,1e9a3db25f5361b2ca454d1df427f430,,https://www.encodeproject.org/files/ENCFF120PLK/@@download/ENCFF120PLK.tsv,hg19,released,"/files/ENCFF007QIW/, /files/ENCFF826ONU/",https://encode-public.s3.amazonaws.com/2015/05/28/d9767a0b-348d-4ff2-94e5-a7a1716989ad/ENCFF120PLK.tsv,9555661
ENCFF557GJS,/experiments/ENCSR620NSN/,tsv,tsv,gene quantifications,RNA-seq,CL:2000093,bronchus fibroblast of lung,primary cell,,ENCSR590RJC,29/7/20,ENCODE,ENCODE Processing Pipeline,23bcb899133e8de33839e3499614a7f1,,https://www.encodeproject.org/files/ENCFF557GJS/@@download/ENCFF557GJS.tsv,hg19,released,"/files/ENCFF628WHU/, /files/ENCFF826ONU/",https://encode-public.s3.amazonaws.com/2015/05/28/b088ad70-ee45-441f-a366-de3ad3f4f610/ENCFF557GJS.tsv,9573974
ENCFF805BVE,/experiments/ENCSR198TKA/,tsv,tsv,gene quantifications,RNA-seq,CL:0000650,mesangial cell,primary cell,,ENCSR590RJC,29/7/20,ENCODE,ENCODE Processing Pipeline,ee0e94d6795ed7c2ef69c61b1d29eb02,,https://www.encodeproject.org/files/ENCFF805BVE/@@download/ENCFF805BVE.tsv,hg19,released,"/files/ENCFF838GWO/, /files/ENCFF826ONU/",https://encode-public.s3.amazonaws.com/2015/05/28/434a6f5e-cb1e-4a88-8e02-12ba5731c3e7/ENCFF805BVE.tsv,9527224
ENCFF544ZJY,/experiments/ENCSR000AAR/,tsv,tsv,gene quantifications,RNA-seq,CL:0000307,tracheal epithelial cell,primary cell,,ENCSR590RJC,29/7/20,ENCODE,ENCODE Processing Pipeline,3bba2f9b8e244ea87b9305067cc57525,,https://www.encodeproject.org/files/ENCFF544ZJY/@@download/ENCFF544ZJY.tsv,hg19,released,"/files/ENCFF519FRS/, /files/ENCFF826ONU/",https://encode-public.s3.amazonaws.com/2015/06/25/a3261c98-5aba-40ca-ab03-bc99791c7cc0/ENCFF544ZJY.tsv,9582348
ENCFF671FKM,/experiments/ENCSR000AAM/,tsv,tsv,gene quantifications,RNA-seq,CL:1001568,pulmonary artery endothelial cell,primary cell,,ENCSR590RJC,29/7/20,ENCODE,ENCODE Processing Pipeline,510779a551fca6e0c7ac57dd7b03a4e7,,https://www.encodeproject.org/files/ENCFF671FKM/@@download/ENCFF671FKM.tsv,hg19,released,"/files/ENCFF647LRG/, /files/ENCFF826ONU/",https://encode-public.s3.amazonaws.com/2015/06/25/06082c34-f1d9-4fd8-ae14-4c5f763318d8/ENCFF671FKM.tsv,9594148
ENCFF045LMD,/experiments/ENCSR000AAB/,tsv,tsv,gene quantifications,RNA-seq,CL:2000040,bladder microvascular endothelial cell,primary cell,,ENCSR590RJC,29/7/20,ENCODE,ENCODE Processing Pipeline,bf3800163b6f3f7a0ec3cae8cfa6acbd,,https://www.encodeproject.org/files/ENCFF045LMD/@@download/ENCFF045LMD.tsv,hg19,released,"/files/ENCFF936AQG/, /files/ENCFF826ONU/",https://encode-public.s3.amazonaws.com/2015/06/25/c10b1790-c61d-4076-a572-78e79f02826c/ENCFF045LMD.tsv,9612288
ENCFF467LOW,/experiments/ENCSR000AAI/,tsv,tsv,gene quantifications,RNA-seq,CL:2000010,dermis blood vessel endothelial cell,primary cell,,ENCSR590RJC,29/7/20,ENCODE,ENCODE Processing Pipeline,1f8533dc6585e865918636dd35c1e7ca,,https://www.encodeproject.org/files/ENCFF467LOW/@@download/ENCFF467LOW.tsv,hg19,released,"/files/ENCFF582PME/, /files/ENCFF826ONU/",https://encode-public.s3.amazonaws.com/2015/06/25/e861c83b-4522-4fc8-97b6-8c8d72cbb230/ENCFF467LOW.tsv,9574015
ENCFF761BVV,/experiments/ENCSR000CUP/,tsv,tsv,gene quantifications,RNA-seq,CL:0002577,placental epithelial cell,primary cell,,ENCSR590RJC,29/7/20,ENCODE,ENCODE Processing Pipeline,2474ec14752b7193460fa41bb0e29506,,https://www.encodeproject.org/files/ENCFF761BVV/@@download/ENCFF761BVV.tsv,hg19,released,"/files/ENCFF985FID/, /files/ENCFF826ONU/",https://encode-public.s3.amazonaws.com/2015/06/24/21253518-4209-4336-9226-dbc14f4524b7/ENCFF761BVV.tsv,9541426
ENCFF861OFI,/experiments/ENCSR000CUF/,tsv,tsv,gene quantifications,RNA-seq,CL:0000062,osteoblast,primary cell,,ENCSR590RJC,29/7/20,ENCODE,ENCODE Processing Pipeline,3f06d13d454c8d78c0e035ad9ae1b429,,https://www.encodeproject.org/files/ENCFF861OFI/@@download/ENCFF861OFI.tsv,hg19,released,"/files/ENCFF351KIV/, /files/ENCFF826ONU/",https://encode-public.s3.amazonaws.com/2015/06/25/8c406821-ac2e-41e9-8b66-ad3d020d211f/ENCFF861OFI.tsv,9563213
ENCFF102PEV,/experiments/ENCSR000CUI/,tsv,tsv,gene quantifications,RNA-seq,CL:0000594,skeletal muscle satellite cell,primary cell,,ENCSR590RJC,29/7/20,ENCODE,ENCODE Processing Pipeline,af53bdba79673fa7bd132e9479b1bcc3,,https://www.encodeproject.org/files/ENCFF102PEV/@@download/ENCFF102PEV.tsv,hg19,released,"/files/ENCFF996NSW/, /files/ENCFF826ONU/",https://encode-public.s3.amazonaws.com/2015/06/25/1a832983-9399-4da0-bfb4-3770e9117949/ENCFF102PEV.tsv,9581787
ENCFF048PAB,/experiments/ENCSR000AAA/,tsv,tsv,gene quantifications,RNA-seq,CL:0002539,aortic smooth muscle cell,primary cell,,ENCSR590RJC,29/7/20,ENCODE,ENCODE Processing Pipeline,489022605548b3030896ded99a42f628,,https://www.encodeproject.org/files/ENCFF048PAB/@@download/ENCFF048PAB.tsv,hg19,released,"/files/ENCFF131JBG/, /files/ENCFF826ONU/",https://encode-public.s3.amazonaws.com/2015/06/25/4a78812b-8b2c-4b44-8c15-4af461bb9d34/ENCFF048PAB.tsv,9600638
ENCFF745UIU,/experiments/ENCSR000CUI/,tsv,tsv,gene quantifications,RNA-seq,CL:0000594,skeletal muscle satellite cell,primary cell,,ENCSR590RJC,29/7/20,ENCODE,ENCODE Processing Pipeline,91927b10cbb3117d988b1ce65528dbe4,,https://www.encodeproject.org/files/ENCFF745UIU/@@download/ENCFF745UIU.tsv,hg19,released,"/files/ENCFF089GVM/, /files/ENCFF826ONU/",https://encode-public.s3.amazonaws.com/2015/06/25/5e591cc5-f538-4fa9-8268-7370ff410af7/ENCFF745UIU.tsv,9572291
ENCFF719TPT,/experiments/ENCSR000CUK/,tsv,tsv,gene quantifications,RNA-seq,CL:0002545,thoracic aorta endothelial cell,primary cell,,ENCSR590RJC,29/7/20,ENCODE,ENCODE Processing Pipeline,14d5ddc2539e35afbc3fde9f88ed3233,,https://www.encodeproject.org/files/ENCFF719TPT/@@download/ENCFF719TPT.tsv,hg19,released,"/files/ENCFF925BAF/, /files/ENCFF826ONU/",https://encode-public.s3.amazonaws.com/2015/06/25/73a4fcdb-1c80-410b-a24a-cc7d0d75fcad/ENCFF719TPT.tsv,9526988
ENCFF461EFB,/experiments/ENCSR000AAV/,tsv,tsv,gene quantifications,RNA-seq,CL:0002601,uterine smooth muscle cell,primary cell,,ENCSR590RJC,29/7/20,ENCODE,ENCODE Processing Pipeline,c5ca30d1a00f14cbcf654367ba63a522,,https://www.encodeproject.org/files/ENCFF461EFB/@@download/ENCFF461EFB.tsv,hg19,released,"/files/ENCFF841OYG/, /files/ENCFF826ONU/",https://encode-public.s3.amazonaws.com/2015/06/25/bc7803b4-d819-42f2-863b-641fdc1a7b00/ENCFF461EFB.tsv,9596411
ENCFF175OKW,/experiments/ENCSR369RVN/,tsv,tsv,gene quantifications,RNA-seq,CL:2000066,cardiac ventricle fibroblast,primary cell,,ENCSR590RJC,29/7/20,ENCODE,ENCODE Processing Pipeline,db07bc0dc8f95e9a06975b8bca4f3cd8,,https://www.encodeproject.org/files/ENCFF175OKW/@@download/ENCFF175OKW.tsv,hg19,released,"/files/ENCFF245EER/, /files/ENCFF826ONU/",https://encode-public.s3.amazonaws.com/2015/08/20/750c6840-95c9-4011-b575-fa580f494a19/ENCFF175OKW.tsv,9533832
ENCFF853QYK,/experiments/ENCSR000CUM/,tsv,tsv,gene quantifications,RNA-seq,CL:0002583,subcutaneous preadipocyte,primary cell,,ENCSR590RJC,29/7/20,ENCODE,ENCODE Processing Pipeline,4f94f495fa8818ca380c5c38c678d5fd,,https://www.encodeproject.org/files/ENCFF853QYK/@@download/ENCFF853QYK.tsv,hg19,released,"/files/ENCFF237UPS/, /files/ENCFF826ONU/",https://encode-public.s3.amazonaws.com/2015/06/24/931113f6-94be-457b-9ae8-c8867198b754/ENCFF853QYK.tsv,9550516
ENCFF429MGN,/experiments/ENCSR000AAP/,tsv,tsv,gene quantifications,RNA-seq,CL:2000016,lung microvascular endothelial cell,primary cell,,ENCSR590RJC,29/7/20,ENCODE,ENCODE Processing Pipeline,9c8604a5af802ac91eb08664e5adbc70,,https://www.encodeproject.org/files/ENCFF429MGN/@@download/ENCFF429MGN.tsv,hg19,released,"/files/ENCFF573RTQ/, /files/ENCFF826ONU/",https://encode-public.s3.amazonaws.com/2015/06/25/5ea5b1cd-7454-4126-bbfe-43d3a2556f63/ENCFF429MGN.tsv,9621811
ENCFF676IUE,/experiments/ENCSR000CTX/,tsv,tsv,gene quantifications,RNA-seq,CL:2000078,placental pericyte,primary cell,,ENCSR590RJC,29/7/20,ENCODE,ENCODE Processing Pipeline,f4ad331475febc4bc4bab31306371077,,https://www.encodeproject.org/files/ENCFF676IUE/@@download/ENCFF676IUE.tsv,hg19,released,"/files/ENCFF675IKC/, /files/ENCFF826ONU/",https://encode-public.s3.amazonaws.com/2015/06/24/c3123603-6b51-45f3-89d3-ae4fe1783fb2/ENCFF676IUE.tsv,9552604
ENCFF685WYQ,/experiments/ENCSR000AAU/,tsv,tsv,gene quantifications,RNA-seq,CL:0002594,smooth muscle cell of the umbilical artery,primary cell,,ENCSR590RJC,29/7/20,ENCODE,ENCODE Processing Pipeline,93cbe8f75eafb558a63473e4384bb802,,https://www.encodeproject.org/files/ENCFF685WYQ/@@download/ENCFF685WYQ.tsv,hg19,released,"/files/ENCFF460JJN/, /files/ENCFF826ONU/",https://encode-public.s3.amazonaws.com/2015/06/24/cb0090c6-740c-4147-aab9-5f961fcf3ab8/ENCFF685WYQ.tsv,9526146
ENCFF185KMD,/experiments/ENCSR000CUE/,tsv,tsv,gene quantifications,RNA-seq,CL:2000007,articular chondrocyte of knee joint,primary cell,,ENCSR590RJC,29/7/20,ENCODE,ENCODE Processing Pipeline,3b3958826b997c940a25c8e67184507f,,https://www.encodeproject.org/files/ENCFF185KMD/@@download/ENCFF185KMD.tsv,hg19,released,"/files/ENCFF688DIL/, /files/ENCFF826ONU/",https://encode-public.s3.amazonaws.com/2015/06/25/a302c230-42f9-4ffd-ae2e-1cca86ac0be9/ENCFF185KMD.tsv,9520855
ENCFF947LZH,/experiments/ENCSR000AAP/,tsv,tsv,gene quantifications,RNA-seq,CL:2000016,lung microvascular endothelial cell,primary cell,,ENCSR590RJC,29/7/20,ENCODE,ENCODE Processing Pipeline,cf0913a2e987a12ab213d7972cf4c27e,,https://www.encodeproject.org/files/ENCFF947LZH/@@download/ENCFF947LZH.tsv,hg19,released,"/files/ENCFF616COQ/, /files/ENCFF826ONU/",https://encode-public.s3.amazonaws.com/2015/06/25/70c0fb2b-1443-4199-98fb-35a6fd4c92f3/ENCFF947LZH.tsv,9625015
ENCFF848HBI,/experiments/ENCSR000CUQ/,tsv,tsv,gene quantifications,RNA-seq,CL:1000458,melanocyte of skin,primary cell,,ENCSR590RJC,29/7/20,ENCODE,ENCODE Processing Pipeline,8802ae53b99ab56c28420ae11a1d9601,,https://www.encodeproject.org/files/ENCFF848HBI/@@download/ENCFF848HBI.tsv,hg19,released,"/files/ENCFF939HED/, /files/ENCFF826ONU/",https://encode-public.s3.amazonaws.com/2015/06/24/9ea2710e-aa7f-477c-8ea4-80cbc7f46c2f/ENCFF848HBI.tsv,9553306
ENCFF137ADN,/experiments/ENCSR000AAH/,tsv,tsv,gene quantifications,RNA-seq,CL:0002098,regular cardiac myocyte,primary cell,,ENCSR590RJC,29/7/20,ENCODE,ENCODE Processing Pipeline,ad56be32a271992738fd21608299f0fa,,https://www.encodeproject.org/files/ENCFF137ADN/@@download/ENCFF137ADN.tsv,hg19,released,"/files/ENCFF028NOJ/, /files/ENCFF826ONU/",https://encode-public.s3.amazonaws.com/2015/06/25/74cb21d9-6b51-431b-8a7f-34e5bbc4b8a4/ENCFF137ADN.tsv,9575896
ENCFF042WGS,/experiments/ENCSR000CUL/,tsv,tsv,gene quantifications,RNA-seq,CL:0002558,fibroblast of villous mesenchyme,primary cell,,ENCSR590RJC,29/7/20,ENCODE,ENCODE Processing Pipeline,7b3035d85921e85f7908821a2b3a19a5,,https://www.encodeproject.org/files/ENCFF042WGS/@@download/ENCFF042WGS.tsv,hg19,released,/files/ENCFF745AIK/,https://encode-public.s3.amazonaws.com/2015/06/25/4c4ba8a0-53fb-4012-bca2-2b9a90501d88/ENCFF042WGS.tsv,9595171
ENCFF870JUS,/experiments/ENCSR000CUH/,tsv,tsv,gene quantifications,RNA-seq,CL:0002551,fibroblast of dermis,primary cell,,ENCSR590RJC,29/7/20,ENCODE,ENCODE Processing Pipeline,97c0c1163099ee38e2f834cc4dd6cd2e,,https://www.encodeproject.org/files/ENCFF870JUS/@@download/ENCFF870JUS.tsv,hg19,released,"/files/ENCFF103VJE/, /files/ENCFF826ONU/",https://encode-public.s3.amazonaws.com/2015/06/25/3ac9fe1f-11b6-490f-af25-f065c575dbb1/ENCFF870JUS.tsv,9534142
ENCFF684KLL,/experiments/ENCSR000AAK/,tsv,tsv,gene quantifications,RNA-seq,CL:2000041,dermis microvascular lymphatic vessel endothelial cell,primary cell,,ENCSR590RJC,29/7/20,ENCODE,ENCODE Processing Pipeline,bdece8b9306f8cd781e6d59315b7d10c,,https://www.encodeproject.org/files/ENCFF684KLL/@@download/ENCFF684KLL.tsv,hg19,released,"/files/ENCFF227WKT/, /files/ENCFF826ONU/",https://encode-public.s3.amazonaws.com/2015/06/25/78e9a366-85f9-4d1e-a2a7-36fe21a02f6b/ENCFF684KLL.tsv,9584091
ENCFF708USY,/experiments/ENCSR000AAO/,tsv,tsv,gene quantifications,RNA-seq,CL:0002553,fibroblast of lung,primary cell,,ENCSR590RJC,29/7/20,ENCODE,ENCODE Processing Pipeline,07f29b32e3f240e6a67773412a744f3f,,https://www.encodeproject.org/files/ENCFF708USY/@@download/ENCFF708USY.tsv,hg19,released,"/files/ENCFF018YDX/, /files/ENCFF826ONU/",https://encode-public.s3.amazonaws.com/2015/06/25/59dff5fe-d4cc-4fdf-bf49-89312ac8d114/ENCFF708USY.tsv,9615600
ENCFF424ELR,/experiments/ENCSR000AAO/,tsv,tsv,gene quantifications,RNA-seq,CL:0002553,fibroblast of lung,primary cell,,ENCSR590RJC,29/7/20,ENCODE,ENCODE Processing Pipeline,31d6d959925f46d4390851ea2f8523a3,,https://www.encodeproject.org/files/ENCFF424ELR/@@download/ENCFF424ELR.tsv,hg19,released,"/files/ENCFF858HZA/, /files/ENCFF826ONU/",https://encode-public.s3.amazonaws.com/2015/06/25/d4fe1972-c490-4947-b1fe-773c200fef14/ENCFF424ELR.tsv,9605978